# Customer personas — assegnazione dei POD,,
# Ogni riga rappresenta un POD del campione rappresentativo di 1.000 clienti. Le personas derivano dal modello K-means A_behavioral con K=5. Le denominazioni descrivono il comportamento medio del cluster e non la tipologia contrattuale del cliente.,,
pod,cluster,persona
IT001E02158333,5,Basso consumo e attività intermittente
IT001E04021133,2,"Consumo prevalentemente diurno, variabile e con doppio picco"
IT001E04111805,3,"Alto consumo, carico di base continuo e forte picco serale"
IT001E04135375,1,"Consumo medio, regolare e con picco serale"
IT001E04166369,2,"Consumo prevalentemente diurno, variabile e con doppio picco"
IT001E04202366,2,"Consumo prevalentemente diurno, variabile e con doppio picco"
IT001E04375032,3,"Alto consumo, carico di base continuo e forte picco serale"
IT001E04430562,2,"Consumo prevalentemente diurno, variabile e con doppio picco"
IT001E04430670,3,"Alto consumo, carico di base continuo e forte picco serale"
IT001E04509278,1,"Consumo medio, regolare e con picco serale"
IT001E04519285,1,"Consumo medio, regolare e con picco serale"
IT001E04520069,1,"Consumo medio, regolare e con picco serale"
IT001E04520382,1,"Consumo medio, regolare e con picco serale"
IT001E04520604,1,"Consumo medio, regolare e con picco serale"
IT001E04594991,2,"Consumo prevalentemente diurno, variabile e con doppio picco"
IT001E04699394,3,"Alto consumo, carico di base continuo e forte picco serale"
IT001E04699410,2,"Consumo prevalentemente diurno, variabile e con doppio picco"
IT001E04699478,2,"Consumo prevalentemente diurno, variabile e con doppio picco"
IT001E04747157,2,"Consumo prevalentemente diurno, variabile e con doppio picco"
IT001E04788738,2,"Consumo prevalentemente diurno, variabile e con doppio picco"
IT001E04802680,2,"Consumo prevalentemente diurno, variabile e con doppio picco"
IT001E04893590,2,"Consumo prevalentemente diurno, variabile e con doppio picco"
IT001E10540657,1,"Consumo medio, regolare e con picco serale"
IT001E10603345,5,Basso consumo e attività intermittente
IT001E10615521,1,"Consumo medio, regolare e con picco serale"
IT001E10808449,1,"Consumo medio, regolare e con picco serale"
IT001E10900590,5,Basso consumo e attività intermittente
IT001E10981282,1,"Consumo medio, regolare e con picco serale"
IT001E11006531,1,"Consumo medio, regolare e con picco serale"
IT001E11009418,1,"Consumo medio, regolare e con picco serale"
IT001E11085379,1,"Consumo medio, regolare e con picco serale"
IT001E11123646,1,"Consumo medio, regolare e con picco serale"
IT001E11187065,1,"Consumo medio, regolare e con picco serale"
IT001E11198846,1,"Consumo medio, regolare e con picco serale"
IT001E11221420,1,"Consumo medio, regolare e con picco serale"
IT001E11325750,1,"Consumo medio, regolare e con picco serale"
IT001E11440719,1,"Consumo medio, regolare e con picco serale"
IT001E11449107,2,"Consumo prevalentemente diurno, variabile e con doppio picco"
IT001E11558480,1,"Consumo medio, regolare e con picco serale"
IT001E12008405,1,"Consumo medio, regolare e con picco serale"
IT001E12057588,3,"Alto consumo, carico di base continuo e forte picco serale"
IT001E12097206,1,"Consumo medio, regolare e con picco serale"
IT001E12122603,1,"Consumo medio, regolare e con picco serale"
IT001E12182208,1,"Consumo medio, regolare e con picco serale"
IT001E12363140,1,"Consumo medio, regolare e con picco serale"
IT001E12385967,1,"Consumo medio, regolare e con picco serale"
IT001E12451427,2,"Consumo prevalentemente diurno, variabile e con doppio picco"
IT001E12529311,1,"Consumo medio, regolare e con picco serale"
IT001E12596198,2,"Consumo prevalentemente diurno, variabile e con doppio picco"
IT001E13012970,1,"Consumo medio, regolare e con picco serale"
IT001E13101191,5,Basso consumo e attività intermittente
IT001E13134895,3,"Alto consumo, carico di base continuo e forte picco serale"
IT001E13331712,2,"Consumo prevalentemente diurno, variabile e con doppio picco"
IT001E13347781,1,"Consumo medio, regolare e con picco serale"
IT001E17132844,1,"Consumo medio, regolare e con picco serale"
IT001E18588983,1,"Consumo medio, regolare e con picco serale"
IT001E33917691,1,"Consumo medio, regolare e con picco serale"
IT001E34193275,5,Basso consumo e attività intermittente
IT001E41478867,1,"Consumo medio, regolare e con picco serale"
IT001E42881351,1,"Consumo medio, regolare e con picco serale"
IT001E48123292,1,"Consumo medio, regolare e con picco serale"
IT001E54890398,1,"Consumo medio, regolare e con picco serale"
IT001E55053505,1,"Consumo medio, regolare e con picco serale"
IT001E56304242,1,"Consumo medio, regolare e con picco serale"
IT001E57330601,1,"Consumo medio, regolare e con picco serale"
IT001E57955866,5,Basso consumo e attività intermittente
IT001E60265472,1,"Consumo medio, regolare e con picco serale"
IT001E60265800,5,Basso consumo e attività intermittente
IT001E60276809,1,"Consumo medio, regolare e con picco serale"
IT001E60302702,1,"Consumo medio, regolare e con picco serale"
IT001E60307174,1,"Consumo medio, regolare e con picco serale"
IT001E60358469,1,"Consumo medio, regolare e con picco serale"
IT001E60361604,1,"Consumo medio, regolare e con picco serale"
IT001E60380717,1,"Consumo medio, regolare e con picco serale"
IT001E60384469,1,"Consumo medio, regolare e con picco serale"
IT001E60385188,1,"Consumo medio, regolare e con picco serale"
IT001E60398286,1,"Consumo medio, regolare e con picco serale"
IT001E60404442,1,"Consumo medio, regolare e con picco serale"
IT001E60405307,1,"Consumo medio, regolare e con picco serale"
IT001E60435731,3,"Alto consumo, carico di base continuo e forte picco serale"
IT001E60439919,1,"Consumo medio, regolare e con picco serale"
IT001E60441631,1,"Consumo medio, regolare e con picco serale"
IT001E60443205,1,"Consumo medio, regolare e con picco serale"
IT001E60469921,2,"Consumo prevalentemente diurno, variabile e con doppio picco"
IT001E60475318,1,"Consumo medio, regolare e con picco serale"
IT001E60487690,1,"Consumo medio, regolare e con picco serale"
IT001E60490712,3,"Alto consumo, carico di base continuo e forte picco serale"
IT001E60501066,1,"Consumo medio, regolare e con picco serale"
IT001E60509229,1,"Consumo medio, regolare e con picco serale"
IT001E60509659,5,Basso consumo e attività intermittente
IT001E60510063,1,"Consumo medio, regolare e con picco serale"
IT001E60510286,1,"Consumo medio, regolare e con picco serale"
IT001E60517785,1,"Consumo medio, regolare e con picco serale"
IT001E60521120,1,"Consumo medio, regolare e con picco serale"
IT001E60530125,1,"Consumo medio, regolare e con picco serale"
IT001E60541093,1,"Consumo medio, regolare e con picco serale"
IT001E60546141,1,"Consumo medio, regolare e con picco serale"
IT001E60550019,1,"Consumo medio, regolare e con picco serale"
IT001E60551424,1,"Consumo medio, regolare e con picco serale"
IT001E60559697,1,"Consumo medio, regolare e con picco serale"
IT001E60562518,1,"Consumo medio, regolare e con picco serale"
IT001E60565760,1,"Consumo medio, regolare e con picco serale"
IT001E60574907,1,"Consumo medio, regolare e con picco serale"
IT001E60578265,1,"Consumo medio, regolare e con picco serale"
IT001E60578472,1,"Consumo medio, regolare e con picco serale"
IT001E60586354,1,"Consumo medio, regolare e con picco serale"
IT001E60594940,2,"Consumo prevalentemente diurno, variabile e con doppio picco"
IT001E60595473,1,"Consumo medio, regolare e con picco serale"
IT001E60597310,1,"Consumo medio, regolare e con picco serale"
IT001E60598176,1,"Consumo medio, regolare e con picco serale"
IT001E60601248,1,"Consumo medio, regolare e con picco serale"
IT001E60603358,1,"Consumo medio, regolare e con picco serale"
IT001E60605309,1,"Consumo medio, regolare e con picco serale"
IT001E60617327,1,"Consumo medio, regolare e con picco serale"
IT001E60618180,1,"Consumo medio, regolare e con picco serale"
IT001E60620018,1,"Consumo medio, regolare e con picco serale"
IT001E60623661,1,"Consumo medio, regolare e con picco serale"
IT001E60631364,1,"Consumo medio, regolare e con picco serale"
IT001E60631658,1,"Consumo medio, regolare e con picco serale"
IT001E60639707,1,"Consumo medio, regolare e con picco serale"
IT001E60642729,1,"Consumo medio, regolare e con picco serale"
IT001E60653687,2,"Consumo prevalentemente diurno, variabile e con doppio picco"
IT001E60659213,5,Basso consumo e attività intermittente
IT001E60666284,1,"Consumo medio, regolare e con picco serale"
IT001E60671558,1,"Consumo medio, regolare e con picco serale"
IT001E60684587,1,"Consumo medio, regolare e con picco serale"
IT001E60686595,1,"Consumo medio, regolare e con picco serale"
IT001E60691123,1,"Consumo medio, regolare e con picco serale"
IT001E60696737,5,Basso consumo e attività intermittente
IT001E60697315,1,"Consumo medio, regolare e con picco serale"
IT001E60701358,1,"Consumo medio, regolare e con picco serale"
IT001E60702400,5,Basso consumo e attività intermittente
IT001E60715466,5,Basso consumo e attività intermittente
IT001E60718229,1,"Consumo medio, regolare e con picco serale"
IT001E60719238,1,"Consumo medio, regolare e con picco serale"
IT001E60721278,1,"Consumo medio, regolare e con picco serale"
IT001E60721644,1,"Consumo medio, regolare e con picco serale"
IT001E60724772,1,"Consumo medio, regolare e con picco serale"
IT001E60726318,1,"Consumo medio, regolare e con picco serale"
IT001E60732747,1,"Consumo medio, regolare e con picco serale"
IT001E60734448,1,"Consumo medio, regolare e con picco serale"
IT001E60743006,1,"Consumo medio, regolare e con picco serale"
IT001E60743068,1,"Consumo medio, regolare e con picco serale"
IT001E60747913,1,"Consumo medio, regolare e con picco serale"
IT001E60751654,1,"Consumo medio, regolare e con picco serale"
IT001E60757926,1,"Consumo medio, regolare e con picco serale"
IT001E60763284,5,Basso consumo e attività intermittente
IT001E60778539,1,"Consumo medio, regolare e con picco serale"
IT001E61102701,1,"Consumo medio, regolare e con picco serale"
IT001E61158207,1,"Consumo medio, regolare e con picco serale"
IT001E61164113,1,"Consumo medio, regolare e con picco serale"
IT001E61203251,1,"Consumo medio, regolare e con picco serale"
IT001E61209123,1,"Consumo medio, regolare e con picco serale"
IT001E61212433,1,"Consumo medio, regolare e con picco serale"
IT001E61217257,1,"Consumo medio, regolare e con picco serale"
IT001E61217810,1,"Consumo medio, regolare e con picco serale"
IT001E61221033,1,"Consumo medio, regolare e con picco serale"
IT001E61225198,1,"Consumo medio, regolare e con picco serale"
IT001E61226079,1,"Consumo medio, regolare e con picco serale"
IT001E61230148,1,"Consumo medio, regolare e con picco serale"
IT001E61235489,1,"Consumo medio, regolare e con picco serale"
IT001E61242795,1,"Consumo medio, regolare e con picco serale"
IT001E61245077,1,"Consumo medio, regolare e con picco serale"
IT001E61245915,1,"Consumo medio, regolare e con picco serale"
IT001E61246745,1,"Consumo medio, regolare e con picco serale"
IT001E61251944,3,"Alto consumo, carico di base continuo e forte picco serale"
IT001E61252432,1,"Consumo medio, regolare e con picco serale"
IT001E61254032,1,"Consumo medio, regolare e con picco serale"
IT001E61255978,1,"Consumo medio, regolare e con picco serale"
IT001E61258901,2,"Consumo prevalentemente diurno, variabile e con doppio picco"
IT001E61263294,1,"Consumo medio, regolare e con picco serale"
IT001E61272132,1,"Consumo medio, regolare e con picco serale"
IT001E61273248,1,"Consumo medio, regolare e con picco serale"
IT001E61281324,1,"Consumo medio, regolare e con picco serale"
IT001E61281921,3,"Alto consumo, carico di base continuo e forte picco serale"
IT001E61283893,1,"Consumo medio, regolare e con picco serale"
IT001E61296896,1,"Consumo medio, regolare e con picco serale"
IT001E61298513,2,"Consumo prevalentemente diurno, variabile e con doppio picco"
IT001E61299206,1,"Consumo medio, regolare e con picco serale"
IT001E61299396,1,"Consumo medio, regolare e con picco serale"
IT001E61299805,5,Basso consumo e attività intermittente
IT001E61302318,1,"Consumo medio, regolare e con picco serale"
IT001E61303714,1,"Consumo medio, regolare e con picco serale"
IT001E61306310,1,"Consumo medio, regolare e con picco serale"
IT001E61309007,1,"Consumo medio, regolare e con picco serale"
IT001E61309407,1,"Consumo medio, regolare e con picco serale"
IT001E61309492,1,"Consumo medio, regolare e con picco serale"
IT001E61309869,1,"Consumo medio, regolare e con picco serale"
IT001E61312455,5,Basso consumo e attività intermittente
IT001E61312567,1,"Consumo medio, regolare e con picco serale"
IT001E61315327,1,"Consumo medio, regolare e con picco serale"
IT001E61330698,1,"Consumo medio, regolare e con picco serale"
IT001E61441204,1,"Consumo medio, regolare e con picco serale"
IT001E61506625,1,"Consumo medio, regolare e con picco serale"
IT001E61514976,1,"Consumo medio, regolare e con picco serale"
IT001E61522073,1,"Consumo medio, regolare e con picco serale"
IT001E61525208,1,"Consumo medio, regolare e con picco serale"
IT001E61531884,5,Basso consumo e attività intermittente
IT001E61531948,3,"Alto consumo, carico di base continuo e forte picco serale"
IT001E61534154,1,"Consumo medio, regolare e con picco serale"
IT001E61546433,1,"Consumo medio, regolare e con picco serale"
IT001E61546875,1,"Consumo medio, regolare e con picco serale"
IT001E61551108,1,"Consumo medio, regolare e con picco serale"
IT001E61561061,1,"Consumo medio, regolare e con picco serale"
IT001E61562347,1,"Consumo medio, regolare e con picco serale"
IT001E61562377,1,"Consumo medio, regolare e con picco serale"
IT001E61562917,5,Basso consumo e attività intermittente
IT001E61563112,1,"Consumo medio, regolare e con picco serale"
IT001E61566245,1,"Consumo medio, regolare e con picco serale"
IT001E61575971,1,"Consumo medio, regolare e con picco serale"
IT001E61584011,1,"Consumo medio, regolare e con picco serale"
IT001E61596856,1,"Consumo medio, regolare e con picco serale"
IT001E61604968,1,"Consumo medio, regolare e con picco serale"
IT001E61627859,1,"Consumo medio, regolare e con picco serale"
IT001E61628714,1,"Consumo medio, regolare e con picco serale"
IT001E61632258,1,"Consumo medio, regolare e con picco serale"
IT001E61639266,1,"Consumo medio, regolare e con picco serale"
IT001E61639293,1,"Consumo medio, regolare e con picco serale"
IT001E61641123,1,"Consumo medio, regolare e con picco serale"
IT001E61644835,1,"Consumo medio, regolare e con picco serale"
IT001E61654791,1,"Consumo medio, regolare e con picco serale"
IT001E61660486,1,"Consumo medio, regolare e con picco serale"
IT001E61666596,1,"Consumo medio, regolare e con picco serale"
IT001E61676449,1,"Consumo medio, regolare e con picco serale"
IT001E61685632,1,"Consumo medio, regolare e con picco serale"
IT001E61695101,1,"Consumo medio, regolare e con picco serale"
IT001E61703857,2,"Consumo prevalentemente diurno, variabile e con doppio picco"
IT001E61719844,1,"Consumo medio, regolare e con picco serale"
IT001E61723405,1,"Consumo medio, regolare e con picco serale"
IT001E61739299,1,"Consumo medio, regolare e con picco serale"
IT001E61743591,1,"Consumo medio, regolare e con picco serale"
IT001E61744017,1,"Consumo medio, regolare e con picco serale"
IT001E61758156,1,"Consumo medio, regolare e con picco serale"
IT001E61758503,1,"Consumo medio, regolare e con picco serale"
IT001E61769187,1,"Consumo medio, regolare e con picco serale"
IT001E61778510,1,"Consumo medio, regolare e con picco serale"
IT001E61778834,1,"Consumo medio, regolare e con picco serale"
IT001E61793121,1,"Consumo medio, regolare e con picco serale"
IT001E61795987,1,"Consumo medio, regolare e con picco serale"
IT001E61799501,1,"Consumo medio, regolare e con picco serale"
IT001E61800516,1,"Consumo medio, regolare e con picco serale"
IT001E61804315,1,"Consumo medio, regolare e con picco serale"
IT001E61805036,1,"Consumo medio, regolare e con picco serale"
IT001E61805780,1,"Consumo medio, regolare e con picco serale"
IT001E61859775,5,Basso consumo e attività intermittente
IT001E61912757,1,"Consumo medio, regolare e con picco serale"
IT001E61916809,1,"Consumo medio, regolare e con picco serale"
IT001E61917311,1,"Consumo medio, regolare e con picco serale"
IT001E61927309,1,"Consumo medio, regolare e con picco serale"
IT001E61974253,1,"Consumo medio, regolare e con picco serale"
IT001E61981868,1,"Consumo medio, regolare e con picco serale"
IT001E64524289,1,"Consumo medio, regolare e con picco serale"
IT001E64530697,1,"Consumo medio, regolare e con picco serale"
IT001E64533064,1,"Consumo medio, regolare e con picco serale"
IT001E64637734,1,"Consumo medio, regolare e con picco serale"
IT001E64651501,1,"Consumo medio, regolare e con picco serale"
IT001E65190482,1,"Consumo medio, regolare e con picco serale"
IT001E65780081,1,"Consumo medio, regolare e con picco serale"
IT001E65794592,1,"Consumo medio, regolare e con picco serale"
IT001E65820675,5,Basso consumo e attività intermittente
IT001E65846410,1,"Consumo medio, regolare e con picco serale"
IT001E67242190,1,"Consumo medio, regolare e con picco serale"
IT001E67242708,1,"Consumo medio, regolare e con picco serale"
IT001E67243092,1,"Consumo medio, regolare e con picco serale"
IT001E67243295,1,"Consumo medio, regolare e con picco serale"
IT001E67243627,1,"Consumo medio, regolare e con picco serale"
IT001E67244488,1,"Consumo medio, regolare e con picco serale"
IT001E67246128,1,"Consumo medio, regolare e con picco serale"
IT001E67249934,1,"Consumo medio, regolare e con picco serale"
IT001E67251434,1,"Consumo medio, regolare e con picco serale"
IT001E67253024,3,"Alto consumo, carico di base continuo e forte picco serale"
IT001E67254360,1,"Consumo medio, regolare e con picco serale"
IT001E67254688,1,"Consumo medio, regolare e con picco serale"
IT001E67256656,5,Basso consumo e attività intermittente
IT001E67261144,2,"Consumo prevalentemente diurno, variabile e con doppio picco"
IT001E67261463,1,"Consumo medio, regolare e con picco serale"
IT001E67263492,1,"Consumo medio, regolare e con picco serale"
IT001E67267676,1,"Consumo medio, regolare e con picco serale"
IT001E67268757,3,"Alto consumo, carico di base continuo e forte picco serale"
IT001E67269772,1,"Consumo medio, regolare e con picco serale"
IT001E67277298,1,"Consumo medio, regolare e con picco serale"
IT001E67282200,5,Basso consumo e attività intermittente
IT001E67282546,1,"Consumo medio, regolare e con picco serale"
IT001E67284443,1,"Consumo medio, regolare e con picco serale"
IT001E67285375,3,"Alto consumo, carico di base continuo e forte picco serale"
IT001E67286067,1,"Consumo medio, regolare e con picco serale"
IT001E67288033,1,"Consumo medio, regolare e con picco serale"
IT001E67289306,1,"Consumo medio, regolare e con picco serale"
IT001E67298405,1,"Consumo medio, regolare e con picco serale"
IT001E67303704,1,"Consumo medio, regolare e con picco serale"
IT001E67304197,1,"Consumo medio, regolare e con picco serale"
IT001E67307921,3,"Alto consumo, carico di base continuo e forte picco serale"
IT001E67308825,1,"Consumo medio, regolare e con picco serale"
IT001E67308884,2,"Consumo prevalentemente diurno, variabile e con doppio picco"
IT001E67313967,5,Basso consumo e attività intermittente
IT001E67315435,1,"Consumo medio, regolare e con picco serale"
IT001E67315936,1,"Consumo medio, regolare e con picco serale"
IT001E67316241,1,"Consumo medio, regolare e con picco serale"
IT001E67323518,1,"Consumo medio, regolare e con picco serale"
IT001E67324616,1,"Consumo medio, regolare e con picco serale"
IT001E67333497,5,Basso consumo e attività intermittente
IT001E67334463,1,"Consumo medio, regolare e con picco serale"
IT001E67336396,1,"Consumo medio, regolare e con picco serale"
IT001E67336525,1,"Consumo medio, regolare e con picco serale"
IT001E67337518,1,"Consumo medio, regolare e con picco serale"
IT001E67337646,1,"Consumo medio, regolare e con picco serale"
IT001E67338182,1,"Consumo medio, regolare e con picco serale"
IT001E67344508,1,"Consumo medio, regolare e con picco serale"
IT001E67344874,5,Basso consumo e attività intermittente
IT001E67345002,1,"Consumo medio, regolare e con picco serale"
IT001E67345446,3,"Alto consumo, carico di base continuo e forte picco serale"
IT001E67346675,1,"Consumo medio, regolare e con picco serale"
IT001E67351316,1,"Consumo medio, regolare e con picco serale"
IT001E67352958,1,"Consumo medio, regolare e con picco serale"
IT001E67355480,1,"Consumo medio, regolare e con picco serale"
IT001E67356139,1,"Consumo medio, regolare e con picco serale"
IT001E67356928,1,"Consumo medio, regolare e con picco serale"
IT001E67357057,1,"Consumo medio, regolare e con picco serale"
IT001E67360400,1,"Consumo medio, regolare e con picco serale"
IT001E67370005,1,"Consumo medio, regolare e con picco serale"
IT001E67372804,1,"Consumo medio, regolare e con picco serale"
IT001E67372830,1,"Consumo medio, regolare e con picco serale"
IT001E67378760,1,"Consumo medio, regolare e con picco serale"
IT001E67380140,5,Basso consumo e attività intermittente
IT001E67384231,1,"Consumo medio, regolare e con picco serale"
IT001E67384810,1,"Consumo medio, regolare e con picco serale"
IT001E67387960,5,Basso consumo e attività intermittente
IT001E67388080,5,Basso consumo e attività intermittente
IT001E67388564,1,"Consumo medio, regolare e con picco serale"
IT001E67401076,1,"Consumo medio, regolare e con picco serale"
IT001E67401556,1,"Consumo medio, regolare e con picco serale"
IT001E67402913,1,"Consumo medio, regolare e con picco serale"
IT001E67403662,1,"Consumo medio, regolare e con picco serale"
IT001E67403759,1,"Consumo medio, regolare e con picco serale"
IT001E67404281,1,"Consumo medio, regolare e con picco serale"
IT001E67405362,1,"Consumo medio, regolare e con picco serale"
IT001E67405480,1,"Consumo medio, regolare e con picco serale"
IT001E67407590,1,"Consumo medio, regolare e con picco serale"
IT001E67407665,1,"Consumo medio, regolare e con picco serale"
IT001E67407826,1,"Consumo medio, regolare e con picco serale"
IT001E67408160,1,"Consumo medio, regolare e con picco serale"
IT001E67409815,1,"Consumo medio, regolare e con picco serale"
IT001E67410795,1,"Consumo medio, regolare e con picco serale"
IT001E67413176,1,"Consumo medio, regolare e con picco serale"
IT001E67428275,1,"Consumo medio, regolare e con picco serale"
IT001E67434803,5,Basso consumo e attività intermittente
IT001E67440693,1,"Consumo medio, regolare e con picco serale"
IT001E67447334,1,"Consumo medio, regolare e con picco serale"
IT001E67450387,1,"Consumo medio, regolare e con picco serale"
IT001E67451089,5,Basso consumo e attività intermittente
IT001E67455163,1,"Consumo medio, regolare e con picco serale"
IT001E67455292,1,"Consumo medio, regolare e con picco serale"
IT001E67458082,1,"Consumo medio, regolare e con picco serale"
IT001E67471785,1,"Consumo medio, regolare e con picco serale"
IT001E67492739,1,"Consumo medio, regolare e con picco serale"
IT001E67510794,1,"Consumo medio, regolare e con picco serale"
IT001E67529261,1,"Consumo medio, regolare e con picco serale"
IT001E67530797,5,Basso consumo e attività intermittente
IT001E67540827,1,"Consumo medio, regolare e con picco serale"
IT001E67542504,5,Basso consumo e attività intermittente
IT001E67546516,1,"Consumo medio, regolare e con picco serale"
IT001E67548845,1,"Consumo medio, regolare e con picco serale"
IT001E67550234,1,"Consumo medio, regolare e con picco serale"
IT001E67560109,1,"Consumo medio, regolare e con picco serale"
IT001E67560299,1,"Consumo medio, regolare e con picco serale"
IT001E67562324,1,"Consumo medio, regolare e con picco serale"
IT001E67562429,1,"Consumo medio, regolare e con picco serale"
IT001E67562973,1,"Consumo medio, regolare e con picco serale"
IT001E67563417,1,"Consumo medio, regolare e con picco serale"
IT001E67566596,1,"Consumo medio, regolare e con picco serale"
IT001E67566609,1,"Consumo medio, regolare e con picco serale"
IT001E67574670,1,"Consumo medio, regolare e con picco serale"
IT001E67574787,4,Consumo quasi nullo e profilo non interpretabile
IT001E67577234,1,"Consumo medio, regolare e con picco serale"
IT001E67577482,1,"Consumo medio, regolare e con picco serale"
IT001E67596601,1,"Consumo medio, regolare e con picco serale"
IT001E67598654,1,"Consumo medio, regolare e con picco serale"
IT001E67933681,1,"Consumo medio, regolare e con picco serale"
IT001E67937517,1,"Consumo medio, regolare e con picco serale"
IT001E67937667,1,"Consumo medio, regolare e con picco serale"
IT001E67963342,1,"Consumo medio, regolare e con picco serale"
IT001E67963683,1,"Consumo medio, regolare e con picco serale"
IT001E67964705,1,"Consumo medio, regolare e con picco serale"
IT001E67965451,1,"Consumo medio, regolare e con picco serale"
IT001E67966272,1,"Consumo medio, regolare e con picco serale"
IT001E67966831,1,"Consumo medio, regolare e con picco serale"
IT001E67967752,1,"Consumo medio, regolare e con picco serale"
IT001E67968648,1,"Consumo medio, regolare e con picco serale"
IT001E67970496,1,"Consumo medio, regolare e con picco serale"
IT001E67973375,1,"Consumo medio, regolare e con picco serale"
IT001E67974179,1,"Consumo medio, regolare e con picco serale"
IT001E67974345,1,"Consumo medio, regolare e con picco serale"
IT001E67974489,1,"Consumo medio, regolare e con picco serale"
IT001E67975411,1,"Consumo medio, regolare e con picco serale"
IT001E67976166,1,"Consumo medio, regolare e con picco serale"
IT001E67977891,1,"Consumo medio, regolare e con picco serale"
IT001E67978635,3,"Alto consumo, carico di base continuo e forte picco serale"
IT001E67979323,1,"Consumo medio, regolare e con picco serale"
IT001E67979658,1,"Consumo medio, regolare e con picco serale"
IT001E67979783,1,"Consumo medio, regolare e con picco serale"
IT001E67981444,1,"Consumo medio, regolare e con picco serale"
IT001E67981715,1,"Consumo medio, regolare e con picco serale"
IT001E67981821,1,"Consumo medio, regolare e con picco serale"
IT001E67982416,2,"Consumo prevalentemente diurno, variabile e con doppio picco"
IT001E67983760,1,"Consumo medio, regolare e con picco serale"
IT001E67984810,5,Basso consumo e attività intermittente
IT001E67985359,1,"Consumo medio, regolare e con picco serale"
IT001E67986054,5,Basso consumo e attività intermittente
IT001E67986058,1,"Consumo medio, regolare e con picco serale"
IT001E67988168,1,"Consumo medio, regolare e con picco serale"
IT001E67988256,1,"Consumo medio, regolare e con picco serale"
IT001E67988672,1,"Consumo medio, regolare e con picco serale"
IT001E67988945,1,"Consumo medio, regolare e con picco serale"
IT001E67988977,1,"Consumo medio, regolare e con picco serale"
IT001E67989032,1,"Consumo medio, regolare e con picco serale"
IT001E67990617,1,"Consumo medio, regolare e con picco serale"
IT001E67990885,1,"Consumo medio, regolare e con picco serale"
IT001E67991273,1,"Consumo medio, regolare e con picco serale"
IT001E67996307,1,"Consumo medio, regolare e con picco serale"
IT001E67996591,5,Basso consumo e attività intermittente
IT001E67996768,5,Basso consumo e attività intermittente
IT001E67999561,1,"Consumo medio, regolare e con picco serale"
IT001E67999633,1,"Consumo medio, regolare e con picco serale"
IT001E68000015,1,"Consumo medio, regolare e con picco serale"
IT001E68000037,1,"Consumo medio, regolare e con picco serale"
IT001E68002115,5,Basso consumo e attività intermittente
IT001E68002582,1,"Consumo medio, regolare e con picco serale"
IT001E68003610,1,"Consumo medio, regolare e con picco serale"
IT001E68003663,1,"Consumo medio, regolare e con picco serale"
IT001E68003870,1,"Consumo medio, regolare e con picco serale"
IT001E68003944,1,"Consumo medio, regolare e con picco serale"
IT001E68004446,1,"Consumo medio, regolare e con picco serale"
IT001E68004725,1,"Consumo medio, regolare e con picco serale"
IT001E68004750,1,"Consumo medio, regolare e con picco serale"
IT001E68004789,1,"Consumo medio, regolare e con picco serale"
IT001E68005649,1,"Consumo medio, regolare e con picco serale"
IT001E68005880,1,"Consumo medio, regolare e con picco serale"
IT001E68006042,1,"Consumo medio, regolare e con picco serale"
IT001E68006123,1,"Consumo medio, regolare e con picco serale"
IT001E68006211,1,"Consumo medio, regolare e con picco serale"
IT001E68006474,1,"Consumo medio, regolare e con picco serale"
IT001E68006825,5,Basso consumo e attività intermittente
IT001E68006925,1,"Consumo medio, regolare e con picco serale"
IT001E68007055,1,"Consumo medio, regolare e con picco serale"
IT001E68007176,1,"Consumo medio, regolare e con picco serale"
IT001E68007762,1,"Consumo medio, regolare e con picco serale"
IT001E68007861,1,"Consumo medio, regolare e con picco serale"
IT001E68007989,1,"Consumo medio, regolare e con picco serale"
IT001E68008315,1,"Consumo medio, regolare e con picco serale"
IT001E68008445,1,"Consumo medio, regolare e con picco serale"
IT001E68008481,1,"Consumo medio, regolare e con picco serale"
IT001E68008650,1,"Consumo medio, regolare e con picco serale"
IT001E68008904,5,Basso consumo e attività intermittente
IT001E68009289,1,"Consumo medio, regolare e con picco serale"
IT001E68009404,1,"Consumo medio, regolare e con picco serale"
IT001E68009992,5,Basso consumo e attività intermittente
IT001E68010000,1,"Consumo medio, regolare e con picco serale"
IT001E68010407,1,"Consumo medio, regolare e con picco serale"
IT001E68010807,1,"Consumo medio, regolare e con picco serale"
IT001E68011210,1,"Consumo medio, regolare e con picco serale"
IT001E68011285,1,"Consumo medio, regolare e con picco serale"
IT001E68011680,1,"Consumo medio, regolare e con picco serale"
IT001E68012024,1,"Consumo medio, regolare e con picco serale"
IT001E68012761,1,"Consumo medio, regolare e con picco serale"
IT001E68013126,1,"Consumo medio, regolare e con picco serale"
IT001E68014051,1,"Consumo medio, regolare e con picco serale"
IT001E68014393,1,"Consumo medio, regolare e con picco serale"
IT001E68015835,1,"Consumo medio, regolare e con picco serale"
IT001E68015952,1,"Consumo medio, regolare e con picco serale"
IT001E68016191,1,"Consumo medio, regolare e con picco serale"
IT001E68018663,1,"Consumo medio, regolare e con picco serale"
IT001E68019147,1,"Consumo medio, regolare e con picco serale"
IT001E68019261,1,"Consumo medio, regolare e con picco serale"
IT001E68020199,1,"Consumo medio, regolare e con picco serale"
IT001E68021670,1,"Consumo medio, regolare e con picco serale"
IT001E68021753,1,"Consumo medio, regolare e con picco serale"
IT001E68021848,1,"Consumo medio, regolare e con picco serale"
IT001E68023002,1,"Consumo medio, regolare e con picco serale"
IT001E68024503,1,"Consumo medio, regolare e con picco serale"
IT001E68025814,1,"Consumo medio, regolare e con picco serale"
IT001E68027079,5,Basso consumo e attività intermittente
IT001E68027810,1,"Consumo medio, regolare e con picco serale"
IT001E68033469,1,"Consumo medio, regolare e con picco serale"
IT001E68033553,1,"Consumo medio, regolare e con picco serale"
IT001E68034463,1,"Consumo medio, regolare e con picco serale"
IT001E68034812,5,Basso consumo e attività intermittente
IT001E68035361,1,"Consumo medio, regolare e con picco serale"
IT001E68037133,1,"Consumo medio, regolare e con picco serale"
IT001E68037172,1,"Consumo medio, regolare e con picco serale"
IT001E68037234,1,"Consumo medio, regolare e con picco serale"
IT001E68037561,1,"Consumo medio, regolare e con picco serale"
IT001E68037686,1,"Consumo medio, regolare e con picco serale"
IT001E68037866,1,"Consumo medio, regolare e con picco serale"
IT001E68037896,1,"Consumo medio, regolare e con picco serale"
IT001E68038206,1,"Consumo medio, regolare e con picco serale"
IT001E68038251,1,"Consumo medio, regolare e con picco serale"
IT001E68038514,1,"Consumo medio, regolare e con picco serale"
IT001E68038530,1,"Consumo medio, regolare e con picco serale"
IT001E68038890,1,"Consumo medio, regolare e con picco serale"
IT001E68039381,1,"Consumo medio, regolare e con picco serale"
IT001E68039457,1,"Consumo medio, regolare e con picco serale"
IT001E68039724,1,"Consumo medio, regolare e con picco serale"
IT001E68039781,1,"Consumo medio, regolare e con picco serale"
IT001E68040037,5,Basso consumo e attività intermittente
IT001E68040445,1,"Consumo medio, regolare e con picco serale"
IT001E68041311,1,"Consumo medio, regolare e con picco serale"
IT001E68041616,1,"Consumo medio, regolare e con picco serale"
IT001E68041759,5,Basso consumo e attività intermittente
IT001E68042104,1,"Consumo medio, regolare e con picco serale"
IT001E68042158,1,"Consumo medio, regolare e con picco serale"
IT001E68042422,1,"Consumo medio, regolare e con picco serale"
IT001E68043188,1,"Consumo medio, regolare e con picco serale"
IT001E68043279,1,"Consumo medio, regolare e con picco serale"
IT001E68043427,1,"Consumo medio, regolare e con picco serale"
IT001E68043436,1,"Consumo medio, regolare e con picco serale"
IT001E68043525,1,"Consumo medio, regolare e con picco serale"
IT001E68043734,1,"Consumo medio, regolare e con picco serale"
IT001E68044846,1,"Consumo medio, regolare e con picco serale"
IT001E68046148,1,"Consumo medio, regolare e con picco serale"
IT001E68046299,1,"Consumo medio, regolare e con picco serale"
IT001E68047201,1,"Consumo medio, regolare e con picco serale"
IT001E68047634,1,"Consumo medio, regolare e con picco serale"
IT001E68048242,5,Basso consumo e attività intermittente
IT001E68048434,1,"Consumo medio, regolare e con picco serale"
IT001E68049232,4,Consumo quasi nullo e profilo non interpretabile
IT001E68049315,3,"Alto consumo, carico di base continuo e forte picco serale"
IT001E68050956,1,"Consumo medio, regolare e con picco serale"
IT001E68051006,1,"Consumo medio, regolare e con picco serale"
IT001E68051548,5,Basso consumo e attività intermittente
IT001E68051806,1,"Consumo medio, regolare e con picco serale"
IT001E68051868,1,"Consumo medio, regolare e con picco serale"
IT001E68052703,1,"Consumo medio, regolare e con picco serale"
IT001E68059416,1,"Consumo medio, regolare e con picco serale"
IT001E68060685,1,"Consumo medio, regolare e con picco serale"
IT001E68062665,3,"Alto consumo, carico di base continuo e forte picco serale"
IT001E68064623,5,Basso consumo e attività intermittente
IT001E68064703,1,"Consumo medio, regolare e con picco serale"
IT001E68065006,1,"Consumo medio, regolare e con picco serale"
IT001E68065934,1,"Consumo medio, regolare e con picco serale"
IT001E68066042,1,"Consumo medio, regolare e con picco serale"
IT001E68068860,1,"Consumo medio, regolare e con picco serale"
IT001E68075629,1,"Consumo medio, regolare e con picco serale"
IT001E68077733,1,"Consumo medio, regolare e con picco serale"
IT001E68078205,1,"Consumo medio, regolare e con picco serale"
IT001E68078561,1,"Consumo medio, regolare e con picco serale"
IT001E68078719,1,"Consumo medio, regolare e con picco serale"
IT001E68078758,1,"Consumo medio, regolare e con picco serale"
IT001E68079373,1,"Consumo medio, regolare e con picco serale"
IT001E68079414,1,"Consumo medio, regolare e con picco serale"
IT001E68079801,1,"Consumo medio, regolare e con picco serale"
IT001E68079951,1,"Consumo medio, regolare e con picco serale"
IT001E68080883,1,"Consumo medio, regolare e con picco serale"
IT001E68081843,1,"Consumo medio, regolare e con picco serale"
IT001E68082392,3,"Alto consumo, carico di base continuo e forte picco serale"
IT001E68083560,1,"Consumo medio, regolare e con picco serale"
IT001E68084386,1,"Consumo medio, regolare e con picco serale"
IT001E68086552,1,"Consumo medio, regolare e con picco serale"
IT001E68086905,1,"Consumo medio, regolare e con picco serale"
IT001E68088234,1,"Consumo medio, regolare e con picco serale"
IT001E68088271,2,"Consumo prevalentemente diurno, variabile e con doppio picco"
IT001E68090798,1,"Consumo medio, regolare e con picco serale"
IT001E68091656,1,"Consumo medio, regolare e con picco serale"
IT001E68093813,1,"Consumo medio, regolare e con picco serale"
IT001E68094275,5,Basso consumo e attività intermittente
IT001E68094574,1,"Consumo medio, regolare e con picco serale"
IT001E68102571,1,"Consumo medio, regolare e con picco serale"
IT001E68102952,1,"Consumo medio, regolare e con picco serale"
IT001E68102997,1,"Consumo medio, regolare e con picco serale"
IT001E68103632,1,"Consumo medio, regolare e con picco serale"
IT001E68104711,1,"Consumo medio, regolare e con picco serale"
IT001E68105237,1,"Consumo medio, regolare e con picco serale"
IT001E68105450,1,"Consumo medio, regolare e con picco serale"
IT001E68105539,1,"Consumo medio, regolare e con picco serale"
IT001E68105582,1,"Consumo medio, regolare e con picco serale"
IT001E68105739,1,"Consumo medio, regolare e con picco serale"
IT001E68105788,1,"Consumo medio, regolare e con picco serale"
IT001E68106079,1,"Consumo medio, regolare e con picco serale"
IT001E68106732,4,Consumo quasi nullo e profilo non interpretabile
IT001E68107068,1,"Consumo medio, regolare e con picco serale"
IT001E68107382,1,"Consumo medio, regolare e con picco serale"
IT001E68108007,1,"Consumo medio, regolare e con picco serale"
IT001E68108172,1,"Consumo medio, regolare e con picco serale"
IT001E68108255,1,"Consumo medio, regolare e con picco serale"
IT001E68108615,1,"Consumo medio, regolare e con picco serale"
IT001E68109287,1,"Consumo medio, regolare e con picco serale"
IT001E68111878,1,"Consumo medio, regolare e con picco serale"
IT001E68112463,1,"Consumo medio, regolare e con picco serale"
IT001E68113545,5,Basso consumo e attività intermittente
IT001E68114456,1,"Consumo medio, regolare e con picco serale"
IT001E68114703,1,"Consumo medio, regolare e con picco serale"
IT001E68114743,1,"Consumo medio, regolare e con picco serale"
IT001E68117409,1,"Consumo medio, regolare e con picco serale"
IT001E68120385,5,Basso consumo e attività intermittente
IT001E68121638,1,"Consumo medio, regolare e con picco serale"
IT001E68124171,1,"Consumo medio, regolare e con picco serale"
IT001E68126418,1,"Consumo medio, regolare e con picco serale"
IT001E68129335,1,"Consumo medio, regolare e con picco serale"
IT001E68131862,5,Basso consumo e attività intermittente
IT001E68132208,1,"Consumo medio, regolare e con picco serale"
IT001E68132655,5,Basso consumo e attività intermittente
IT001E68133119,1,"Consumo medio, regolare e con picco serale"
IT001E68133859,1,"Consumo medio, regolare e con picco serale"
IT001E68134457,1,"Consumo medio, regolare e con picco serale"
IT001E68134622,1,"Consumo medio, regolare e con picco serale"
IT001E68134632,1,"Consumo medio, regolare e con picco serale"
IT001E68134958,1,"Consumo medio, regolare e con picco serale"
IT001E68135700,5,Basso consumo e attività intermittente
IT001E68136209,1,"Consumo medio, regolare e con picco serale"
IT001E68136271,1,"Consumo medio, regolare e con picco serale"
IT001E68136421,1,"Consumo medio, regolare e con picco serale"
IT001E68136471,1,"Consumo medio, regolare e con picco serale"
IT001E68136488,5,Basso consumo e attività intermittente
IT001E68136548,4,Consumo quasi nullo e profilo non interpretabile
IT001E68136806,1,"Consumo medio, regolare e con picco serale"
IT001E68137358,1,"Consumo medio, regolare e con picco serale"
IT001E68139679,1,"Consumo medio, regolare e con picco serale"
IT001E68139868,1,"Consumo medio, regolare e con picco serale"
IT001E68139919,1,"Consumo medio, regolare e con picco serale"
IT001E68140217,1,"Consumo medio, regolare e con picco serale"
IT001E68140418,1,"Consumo medio, regolare e con picco serale"
IT001E68141935,1,"Consumo medio, regolare e con picco serale"
IT001E68143313,1,"Consumo medio, regolare e con picco serale"
IT001E68144422,1,"Consumo medio, regolare e con picco serale"
IT001E68145164,1,"Consumo medio, regolare e con picco serale"
IT001E68146035,1,"Consumo medio, regolare e con picco serale"
IT001E68146113,1,"Consumo medio, regolare e con picco serale"
IT001E68146195,1,"Consumo medio, regolare e con picco serale"
IT001E68146822,5,Basso consumo e attività intermittente
IT001E68146834,1,"Consumo medio, regolare e con picco serale"
IT001E68147365,3,"Alto consumo, carico di base continuo e forte picco serale"
IT001E68149926,1,"Consumo medio, regolare e con picco serale"
IT001E68150817,1,"Consumo medio, regolare e con picco serale"
IT001E68150831,1,"Consumo medio, regolare e con picco serale"
IT001E68152360,1,"Consumo medio, regolare e con picco serale"
IT001E68153117,4,Consumo quasi nullo e profilo non interpretabile
IT001E68153535,1,"Consumo medio, regolare e con picco serale"
IT001E68153577,1,"Consumo medio, regolare e con picco serale"
IT001E68153899,1,"Consumo medio, regolare e con picco serale"
IT001E68154145,1,"Consumo medio, regolare e con picco serale"
IT001E68157955,1,"Consumo medio, regolare e con picco serale"
IT001E68159023,1,"Consumo medio, regolare e con picco serale"
IT001E68161821,1,"Consumo medio, regolare e con picco serale"
IT001E68162798,1,"Consumo medio, regolare e con picco serale"
IT001E68163052,1,"Consumo medio, regolare e con picco serale"
IT001E68163648,1,"Consumo medio, regolare e con picco serale"
IT001E68164736,1,"Consumo medio, regolare e con picco serale"
IT001E68164815,5,Basso consumo e attività intermittente
IT001E68165200,1,"Consumo medio, regolare e con picco serale"
IT001E68165204,1,"Consumo medio, regolare e con picco serale"
IT001E68167179,1,"Consumo medio, regolare e con picco serale"
IT001E68170722,1,"Consumo medio, regolare e con picco serale"
IT001E68170848,1,"Consumo medio, regolare e con picco serale"
IT001E68171602,5,Basso consumo e attività intermittente
IT001E68171620,5,Basso consumo e attività intermittente
IT001E68171714,1,"Consumo medio, regolare e con picco serale"
IT001E68176236,1,"Consumo medio, regolare e con picco serale"
IT001E68176655,2,"Consumo prevalentemente diurno, variabile e con doppio picco"
IT001E68184569,1,"Consumo medio, regolare e con picco serale"
IT001E68184761,1,"Consumo medio, regolare e con picco serale"
IT001E68185606,5,Basso consumo e attività intermittente
IT001E68185985,5,Basso consumo e attività intermittente
IT001E68186462,1,"Consumo medio, regolare e con picco serale"
IT001E68190872,1,"Consumo medio, regolare e con picco serale"
IT001E68191017,1,"Consumo medio, regolare e con picco serale"
IT001E68193466,1,"Consumo medio, regolare e con picco serale"
IT001E68194057,1,"Consumo medio, regolare e con picco serale"
IT001E68197726,1,"Consumo medio, regolare e con picco serale"
IT001E68198126,1,"Consumo medio, regolare e con picco serale"
IT001E68198739,1,"Consumo medio, regolare e con picco serale"
IT001E68199245,1,"Consumo medio, regolare e con picco serale"
IT001E68420875,1,"Consumo medio, regolare e con picco serale"
IT001E68424904,1,"Consumo medio, regolare e con picco serale"
IT001E68426701,1,"Consumo medio, regolare e con picco serale"
IT001E68427008,1,"Consumo medio, regolare e con picco serale"
IT001E68427585,5,Basso consumo e attività intermittente
IT001E68433511,1,"Consumo medio, regolare e con picco serale"
IT001E68434177,1,"Consumo medio, regolare e con picco serale"
IT001E68434654,5,Basso consumo e attività intermittente
IT001E68434799,1,"Consumo medio, regolare e con picco serale"
IT001E68436495,1,"Consumo medio, regolare e con picco serale"
IT001E68439757,1,"Consumo medio, regolare e con picco serale"
IT001E68440474,1,"Consumo medio, regolare e con picco serale"
IT001E68441685,1,"Consumo medio, regolare e con picco serale"
IT001E68442625,1,"Consumo medio, regolare e con picco serale"
IT001E68444147,1,"Consumo medio, regolare e con picco serale"
IT001E68444546,1,"Consumo medio, regolare e con picco serale"
IT001E68445565,1,"Consumo medio, regolare e con picco serale"
IT001E68445703,1,"Consumo medio, regolare e con picco serale"
IT001E68447332,1,"Consumo medio, regolare e con picco serale"
IT001E68448267,1,"Consumo medio, regolare e con picco serale"
IT001E68449588,1,"Consumo medio, regolare e con picco serale"
IT001E68453770,1,"Consumo medio, regolare e con picco serale"
IT001E68455548,5,Basso consumo e attività intermittente
IT001E68461952,1,"Consumo medio, regolare e con picco serale"
IT001E68462307,1,"Consumo medio, regolare e con picco serale"
IT001E68462587,1,"Consumo medio, regolare e con picco serale"
IT001E68463012,1,"Consumo medio, regolare e con picco serale"
IT001E68463097,1,"Consumo medio, regolare e con picco serale"
IT001E68463470,1,"Consumo medio, regolare e con picco serale"
IT001E68464163,5,Basso consumo e attività intermittente
IT001E68464312,1,"Consumo medio, regolare e con picco serale"
IT001E68464462,1,"Consumo medio, regolare e con picco serale"
IT001E68465200,1,"Consumo medio, regolare e con picco serale"
IT001E68466759,1,"Consumo medio, regolare e con picco serale"
IT001E68470996,1,"Consumo medio, regolare e con picco serale"
IT001E68475551,5,Basso consumo e attività intermittente
IT001E68479983,1,"Consumo medio, regolare e con picco serale"
IT001E68480383,1,"Consumo medio, regolare e con picco serale"
IT001E68480708,1,"Consumo medio, regolare e con picco serale"
IT001E68482584,1,"Consumo medio, regolare e con picco serale"
IT001E68485099,2,"Consumo prevalentemente diurno, variabile e con doppio picco"
IT001E68490708,1,"Consumo medio, regolare e con picco serale"
IT001E68491897,3,"Alto consumo, carico di base continuo e forte picco serale"
IT001E68493100,1,"Consumo medio, regolare e con picco serale"
IT001E68493174,1,"Consumo medio, regolare e con picco serale"
IT001E68494424,1,"Consumo medio, regolare e con picco serale"
IT001E68496944,1,"Consumo medio, regolare e con picco serale"
IT001E68500963,1,"Consumo medio, regolare e con picco serale"
IT001E68501981,1,"Consumo medio, regolare e con picco serale"
IT001E68503733,1,"Consumo medio, regolare e con picco serale"
IT001E68503992,1,"Consumo medio, regolare e con picco serale"
IT001E68504084,1,"Consumo medio, regolare e con picco serale"
IT001E68506364,1,"Consumo medio, regolare e con picco serale"
IT001E68507612,1,"Consumo medio, regolare e con picco serale"
IT001E68507967,1,"Consumo medio, regolare e con picco serale"
IT001E68508686,1,"Consumo medio, regolare e con picco serale"
IT001E68509156,1,"Consumo medio, regolare e con picco serale"
IT001E68510579,1,"Consumo medio, regolare e con picco serale"
IT001E68513995,1,"Consumo medio, regolare e con picco serale"
IT001E68515357,1,"Consumo medio, regolare e con picco serale"
IT001E68516399,1,"Consumo medio, regolare e con picco serale"
IT001E68517921,1,"Consumo medio, regolare e con picco serale"
IT001E68518722,1,"Consumo medio, regolare e con picco serale"
IT001E68519382,1,"Consumo medio, regolare e con picco serale"
IT001E68521541,1,"Consumo medio, regolare e con picco serale"
IT001E68521794,1,"Consumo medio, regolare e con picco serale"
IT001E68523287,1,"Consumo medio, regolare e con picco serale"
IT001E68523397,1,"Consumo medio, regolare e con picco serale"
IT001E68524783,1,"Consumo medio, regolare e con picco serale"
IT001E68524888,1,"Consumo medio, regolare e con picco serale"
IT001E68525743,1,"Consumo medio, regolare e con picco serale"
IT001E68528141,1,"Consumo medio, regolare e con picco serale"
IT001E68529178,1,"Consumo medio, regolare e con picco serale"
IT001E68529416,1,"Consumo medio, regolare e con picco serale"
IT001E68529907,2,"Consumo prevalentemente diurno, variabile e con doppio picco"
IT001E68532874,1,"Consumo medio, regolare e con picco serale"
IT001E68533242,1,"Consumo medio, regolare e con picco serale"
IT001E68534981,1,"Consumo medio, regolare e con picco serale"
IT001E68536288,1,"Consumo medio, regolare e con picco serale"
IT001E68536349,1,"Consumo medio, regolare e con picco serale"
IT001E68536825,1,"Consumo medio, regolare e con picco serale"
IT001E68537915,2,"Consumo prevalentemente diurno, variabile e con doppio picco"
IT001E68538498,1,"Consumo medio, regolare e con picco serale"
IT001E68539678,1,"Consumo medio, regolare e con picco serale"
IT001E68540866,1,"Consumo medio, regolare e con picco serale"
IT001E68541179,1,"Consumo medio, regolare e con picco serale"
IT001E68548253,1,"Consumo medio, regolare e con picco serale"
IT001E68548433,1,"Consumo medio, regolare e con picco serale"
IT001E68550873,1,"Consumo medio, regolare e con picco serale"
IT001E68550922,1,"Consumo medio, regolare e con picco serale"
IT001E68551732,1,"Consumo medio, regolare e con picco serale"
IT001E68554475,1,"Consumo medio, regolare e con picco serale"
IT001E68554948,1,"Consumo medio, regolare e con picco serale"
IT001E68558312,5,Basso consumo e attività intermittente
IT001E68559234,1,"Consumo medio, regolare e con picco serale"
IT001E68561782,1,"Consumo medio, regolare e con picco serale"
IT001E68562197,1,"Consumo medio, regolare e con picco serale"
IT001E68562435,1,"Consumo medio, regolare e con picco serale"
IT001E68562673,1,"Consumo medio, regolare e con picco serale"
IT001E68562929,1,"Consumo medio, regolare e con picco serale"
IT001E68563069,1,"Consumo medio, regolare e con picco serale"
IT001E68563101,1,"Consumo medio, regolare e con picco serale"
IT001E68563110,2,"Consumo prevalentemente diurno, variabile e con doppio picco"
IT001E68564001,1,"Consumo medio, regolare e con picco serale"
IT001E68569046,1,"Consumo medio, regolare e con picco serale"
IT001E68570318,5,Basso consumo e attività intermittente
IT001E68573968,1,"Consumo medio, regolare e con picco serale"
IT001E68575524,1,"Consumo medio, regolare e con picco serale"
IT001E68585656,5,Basso consumo e attività intermittente
IT001E68586030,1,"Consumo medio, regolare e con picco serale"
IT001E68586945,1,"Consumo medio, regolare e con picco serale"
IT001E68588589,1,"Consumo medio, regolare e con picco serale"
IT001E68590077,1,"Consumo medio, regolare e con picco serale"
IT001E68593480,1,"Consumo medio, regolare e con picco serale"
IT001E68595433,1,"Consumo medio, regolare e con picco serale"
IT001E68596548,1,"Consumo medio, regolare e con picco serale"
IT001E68617793,1,"Consumo medio, regolare e con picco serale"
IT001E68618052,1,"Consumo medio, regolare e con picco serale"
IT001E68657937,1,"Consumo medio, regolare e con picco serale"
IT001E68657984,1,"Consumo medio, regolare e con picco serale"
IT001E68666972,5,Basso consumo e attività intermittente
IT001E68674006,1,"Consumo medio, regolare e con picco serale"
IT001E68688694,1,"Consumo medio, regolare e con picco serale"
IT001E68694958,1,"Consumo medio, regolare e con picco serale"
IT001E68695497,3,"Alto consumo, carico di base continuo e forte picco serale"
IT001E68697099,1,"Consumo medio, regolare e con picco serale"
IT001E68697787,1,"Consumo medio, regolare e con picco serale"
IT001E68703854,1,"Consumo medio, regolare e con picco serale"
IT001E68704057,1,"Consumo medio, regolare e con picco serale"
IT001E68707320,1,"Consumo medio, regolare e con picco serale"
IT001E68725228,1,"Consumo medio, regolare e con picco serale"
IT001E68727817,1,"Consumo medio, regolare e con picco serale"
IT001E68729194,1,"Consumo medio, regolare e con picco serale"
IT001E68743294,1,"Consumo medio, regolare e con picco serale"
IT001E68756308,5,Basso consumo e attività intermittente
IT001E68757104,5,Basso consumo e attività intermittente
IT001E68757415,1,"Consumo medio, regolare e con picco serale"
IT001E68770232,5,Basso consumo e attività intermittente
IT001E68777999,1,"Consumo medio, regolare e con picco serale"
IT001E68786392,1,"Consumo medio, regolare e con picco serale"
IT001E68794123,1,"Consumo medio, regolare e con picco serale"
IT001E68797360,1,"Consumo medio, regolare e con picco serale"
IT001E68802933,1,"Consumo medio, regolare e con picco serale"
IT001E68811161,1,"Consumo medio, regolare e con picco serale"
IT001E68812138,1,"Consumo medio, regolare e con picco serale"
IT001E68813455,1,"Consumo medio, regolare e con picco serale"
IT001E68830352,1,"Consumo medio, regolare e con picco serale"
IT001E68834383,2,"Consumo prevalentemente diurno, variabile e con doppio picco"
IT001E68837520,1,"Consumo medio, regolare e con picco serale"
IT001E68842713,1,"Consumo medio, regolare e con picco serale"
IT001E68859410,1,"Consumo medio, regolare e con picco serale"
IT001E68865189,1,"Consumo medio, regolare e con picco serale"
IT001E68865622,1,"Consumo medio, regolare e con picco serale"
IT001E68867595,1,"Consumo medio, regolare e con picco serale"
IT001E68882914,1,"Consumo medio, regolare e con picco serale"
IT001E68883402,1,"Consumo medio, regolare e con picco serale"
IT001E68889384,1,"Consumo medio, regolare e con picco serale"
IT001E68899468,1,"Consumo medio, regolare e con picco serale"
IT001E68911765,1,"Consumo medio, regolare e con picco serale"
IT001E68913800,1,"Consumo medio, regolare e con picco serale"
IT001E68922106,1,"Consumo medio, regolare e con picco serale"
IT001E68935190,2,"Consumo prevalentemente diurno, variabile e con doppio picco"
IT001E68981118,1,"Consumo medio, regolare e con picco serale"
IT001E68989607,1,"Consumo medio, regolare e con picco serale"
IT001E69127074,1,"Consumo medio, regolare e con picco serale"
IT001E69127078,1,"Consumo medio, regolare e con picco serale"
IT001E69151360,1,"Consumo medio, regolare e con picco serale"
IT001E69157287,1,"Consumo medio, regolare e con picco serale"
IT001E69157880,1,"Consumo medio, regolare e con picco serale"
IT001E69169096,3,"Alto consumo, carico di base continuo e forte picco serale"
IT001E69171834,1,"Consumo medio, regolare e con picco serale"
IT001E69178325,1,"Consumo medio, regolare e con picco serale"
IT001E69183346,1,"Consumo medio, regolare e con picco serale"
IT001E69199277,1,"Consumo medio, regolare e con picco serale"
IT001E69211587,1,"Consumo medio, regolare e con picco serale"
IT001E69218443,1,"Consumo medio, regolare e con picco serale"
IT001E69225053,1,"Consumo medio, regolare e con picco serale"
IT001E69233073,1,"Consumo medio, regolare e con picco serale"
IT001E69233826,1,"Consumo medio, regolare e con picco serale"
IT001E69233830,2,"Consumo prevalentemente diurno, variabile e con doppio picco"
IT001E69235593,1,"Consumo medio, regolare e con picco serale"
IT001E69236619,1,"Consumo medio, regolare e con picco serale"
IT001E69236914,3,"Alto consumo, carico di base continuo e forte picco serale"
IT001E69238575,1,"Consumo medio, regolare e con picco serale"
IT001E69238898,1,"Consumo medio, regolare e con picco serale"
IT001E69239180,5,Basso consumo e attività intermittente
IT001E69240108,1,"Consumo medio, regolare e con picco serale"
IT001E69241416,1,"Consumo medio, regolare e con picco serale"
IT001E69242959,1,"Consumo medio, regolare e con picco serale"
IT001E69243809,5,Basso consumo e attività intermittente
IT001E69244177,1,"Consumo medio, regolare e con picco serale"
IT001E69244478,1,"Consumo medio, regolare e con picco serale"
IT001E69244697,1,"Consumo medio, regolare e con picco serale"
IT001E69247853,1,"Consumo medio, regolare e con picco serale"
IT001E69248811,1,"Consumo medio, regolare e con picco serale"
IT001E69258461,1,"Consumo medio, regolare e con picco serale"
IT001E69258803,1,"Consumo medio, regolare e con picco serale"
IT001E69260084,1,"Consumo medio, regolare e con picco serale"
IT001E69262262,1,"Consumo medio, regolare e con picco serale"
IT001E69262367,1,"Consumo medio, regolare e con picco serale"
IT001E69262652,1,"Consumo medio, regolare e con picco serale"
IT001E69262655,1,"Consumo medio, regolare e con picco serale"
IT001E69262724,1,"Consumo medio, regolare e con picco serale"
IT001E69264802,1,"Consumo medio, regolare e con picco serale"
IT001E69265650,1,"Consumo medio, regolare e con picco serale"
IT001E69267954,2,"Consumo prevalentemente diurno, variabile e con doppio picco"
IT001E69268382,1,"Consumo medio, regolare e con picco serale"
IT001E69268764,1,"Consumo medio, regolare e con picco serale"
IT001E69269521,1,"Consumo medio, regolare e con picco serale"
IT001E69269871,1,"Consumo medio, regolare e con picco serale"
IT001E69269880,1,"Consumo medio, regolare e con picco serale"
IT001E69270463,1,"Consumo medio, regolare e con picco serale"
IT001E69271178,1,"Consumo medio, regolare e con picco serale"
IT001E69271977,1,"Consumo medio, regolare e con picco serale"
IT001E69272419,1,"Consumo medio, regolare e con picco serale"
IT001E69273789,1,"Consumo medio, regolare e con picco serale"
IT001E69274047,1,"Consumo medio, regolare e con picco serale"
IT001E69274615,5,Basso consumo e attività intermittente
IT001E69275300,1,"Consumo medio, regolare e con picco serale"
IT001E69276247,1,"Consumo medio, regolare e con picco serale"
IT001E69277207,1,"Consumo medio, regolare e con picco serale"
IT001E69277327,1,"Consumo medio, regolare e con picco serale"
IT001E69277629,1,"Consumo medio, regolare e con picco serale"
IT001E69278414,1,"Consumo medio, regolare e con picco serale"
IT001E69283732,1,"Consumo medio, regolare e con picco serale"
IT001E69284626,1,"Consumo medio, regolare e con picco serale"
IT001E69287711,1,"Consumo medio, regolare e con picco serale"
IT001E69290514,5,Basso consumo e attività intermittente
IT001E69290837,1,"Consumo medio, regolare e con picco serale"
IT001E69291907,1,"Consumo medio, regolare e con picco serale"
IT001E69293150,1,"Consumo medio, regolare e con picco serale"
IT001E69294972,1,"Consumo medio, regolare e con picco serale"
IT001E69295208,5,Basso consumo e attività intermittente
IT001E69296546,1,"Consumo medio, regolare e con picco serale"
IT001E69296686,1,"Consumo medio, regolare e con picco serale"
IT001E69297063,1,"Consumo medio, regolare e con picco serale"
IT001E69297351,1,"Consumo medio, regolare e con picco serale"
IT001E69298110,1,"Consumo medio, regolare e con picco serale"
IT001E69298385,1,"Consumo medio, regolare e con picco serale"
IT001E69299281,1,"Consumo medio, regolare e con picco serale"
IT001E69303282,1,"Consumo medio, regolare e con picco serale"
IT001E69303647,1,"Consumo medio, regolare e con picco serale"
IT001E69306375,1,"Consumo medio, regolare e con picco serale"
IT001E69307631,1,"Consumo medio, regolare e con picco serale"
IT001E69307934,1,"Consumo medio, regolare e con picco serale"
IT001E69308094,1,"Consumo medio, regolare e con picco serale"
IT001E69308615,1,"Consumo medio, regolare e con picco serale"
IT001E69312592,1,"Consumo medio, regolare e con picco serale"
IT001E69314198,1,"Consumo medio, regolare e con picco serale"
IT001E69314356,1,"Consumo medio, regolare e con picco serale"
IT001E69314568,1,"Consumo medio, regolare e con picco serale"
IT001E69315351,1,"Consumo medio, regolare e con picco serale"
IT001E69315360,1,"Consumo medio, regolare e con picco serale"
IT001E69316432,1,"Consumo medio, regolare e con picco serale"
IT001E69322867,1,"Consumo medio, regolare e con picco serale"
IT001E69330355,1,"Consumo medio, regolare e con picco serale"
IT001E69334141,1,"Consumo medio, regolare e con picco serale"
IT001E69346911,1,"Consumo medio, regolare e con picco serale"
IT001E69350433,5,Basso consumo e attività intermittente
IT001E69352299,1,"Consumo medio, regolare e con picco serale"
IT001E69352833,4,Consumo quasi nullo e profilo non interpretabile
IT001E69359105,1,"Consumo medio, regolare e con picco serale"
IT001E69363617,1,"Consumo medio, regolare e con picco serale"
IT001E69364624,1,"Consumo medio, regolare e con picco serale"
IT001E69367683,1,"Consumo medio, regolare e con picco serale"
IT001E69369488,1,"Consumo medio, regolare e con picco serale"
IT001E69369939,1,"Consumo medio, regolare e con picco serale"
IT001E69371305,1,"Consumo medio, regolare e con picco serale"
IT001E69372672,1,"Consumo medio, regolare e con picco serale"
IT001E69375014,5,Basso consumo e attività intermittente
IT001E69378529,1,"Consumo medio, regolare e con picco serale"
IT001E69385670,1,"Consumo medio, regolare e con picco serale"
IT001E69386018,1,"Consumo medio, regolare e con picco serale"
IT001E69386460,1,"Consumo medio, regolare e con picco serale"
IT001E69388554,1,"Consumo medio, regolare e con picco serale"
IT001E69389513,1,"Consumo medio, regolare e con picco serale"
IT001E69390204,1,"Consumo medio, regolare e con picco serale"
IT001E69395931,1,"Consumo medio, regolare e con picco serale"
IT001E69533555,1,"Consumo medio, regolare e con picco serale"
IT001E69534945,1,"Consumo medio, regolare e con picco serale"
IT001E69537278,1,"Consumo medio, regolare e con picco serale"
IT001E69539901,2,"Consumo prevalentemente diurno, variabile e con doppio picco"
IT001E69547243,1,"Consumo medio, regolare e con picco serale"
IT001E69548373,1,"Consumo medio, regolare e con picco serale"
IT001E69549593,1,"Consumo medio, regolare e con picco serale"
IT001E69558521,5,Basso consumo e attività intermittente
IT001E69562646,1,"Consumo medio, regolare e con picco serale"
IT001E69564994,1,"Consumo medio, regolare e con picco serale"
IT001E69569272,1,"Consumo medio, regolare e con picco serale"
IT001E69576660,1,"Consumo medio, regolare e con picco serale"
IT001E69578261,1,"Consumo medio, regolare e con picco serale"
IT001E69579825,1,"Consumo medio, regolare e con picco serale"
IT001E69591189,1,"Consumo medio, regolare e con picco serale"
IT001E69592024,5,Basso consumo e attività intermittente
IT001E74406219,3,"Alto consumo, carico di base continuo e forte picco serale"
IT001E74425509,2,"Consumo prevalentemente diurno, variabile e con doppio picco"
IT001E74429727,1,"Consumo medio, regolare e con picco serale"
IT001E74436361,1,"Consumo medio, regolare e con picco serale"
IT001E74438063,1,"Consumo medio, regolare e con picco serale"
IT001E75219275,1,"Consumo medio, regolare e con picco serale"
IT001E75231841,1,"Consumo medio, regolare e con picco serale"
IT001E75244958,1,"Consumo medio, regolare e con picco serale"
IT001E75252911,5,Basso consumo e attività intermittente
IT001E75258524,1,"Consumo medio, regolare e con picco serale"
IT001E75266918,1,"Consumo medio, regolare e con picco serale"
IT001E75281507,1,"Consumo medio, regolare e con picco serale"
IT001E75283100,1,"Consumo medio, regolare e con picco serale"
IT001E75295663,1,"Consumo medio, regolare e con picco serale"
IT001E75301656,1,"Consumo medio, regolare e con picco serale"
IT001E75326135,1,"Consumo medio, regolare e con picco serale"
IT001E83813896,5,Basso consumo e attività intermittente
IT001E84227878,3,"Alto consumo, carico di base continuo e forte picco serale"
IT001E84262469,1,"Consumo medio, regolare e con picco serale"
IT001E87747374,1,"Consumo medio, regolare e con picco serale"
IT001E93605895,1,"Consumo medio, regolare e con picco serale"
IT001E96134089,1,"Consumo medio, regolare e con picco serale"
IT001E98467614,3,"Alto consumo, carico di base continuo e forte picco serale"
IT001E98866060,1,"Consumo medio, regolare e con picco serale"
IT002E1576396A,1,"Consumo medio, regolare e con picco serale"
IT002E2865293A,1,"Consumo medio, regolare e con picco serale"
IT002E3597031A,1,"Consumo medio, regolare e con picco serale"
IT002E5304258A,1,"Consumo medio, regolare e con picco serale"
IT002E9094541A,1,"Consumo medio, regolare e con picco serale"
IT006E00717295,1,"Consumo medio, regolare e con picco serale"
IT011E10507054,5,Basso consumo e attività intermittente
IT026E00004718,1,"Consumo medio, regolare e con picco serale"
IT026E00017224,3,"Alto consumo, carico di base continuo e forte picco serale"
IT026E00022953,1,"Consumo medio, regolare e con picco serale"
IT026E00027150,1,"Consumo medio, regolare e con picco serale"
IT253E11112454,1,"Consumo medio, regolare e con picco serale"
